char,minx,maxx,miny,maxy,text_id,page
 ,57.375,64.881,716.6909999999999,743.691,1,0
A,64.881,82.89,716.6909999999999,743.691,1,0
 ,82.89,90.396,716.6909999999999,743.691,1,0
S,90.396,108.405,716.6909999999999,743.691,1,0
i,108.405,114.399,716.6909999999999,743.691,1,0
m,114.399,136.89,716.6909999999999,743.691,1,0
p,136.89,151.902,716.6909999999999,743.691,1,0
l,151.902,157.896,716.6909999999999,743.691,1,0
e,157.89600000000002,172.90800000000002,716.6909999999999,743.691,1,0
 ,172.90800000000002,180.41400000000002,716.6909999999999,743.691,1,0
P,180.414,198.423,716.6909999999999,743.691,1,0
D,198.423,217.917,716.6909999999999,743.691,1,0
F,217.917,234.414,716.6909999999999,743.691,1,0
 ,234.414,241.92,716.6909999999999,743.691,1,0
F,241.92,258.417,716.6909999999999,743.691,1,0
i,258.417,264.41099999999994,716.6909999999999,743.691,1,0
l,264.41099999999994,270.405,716.6909999999999,743.691,1,0
e,270.405,285.417,716.6909999999999,743.691,1,0
 ,285.417,292.923,716.6909999999999,743.691,1,0
 ,69.25,72.03,686.5379999999999,696.5379999999999,2,0
T,72.03,78.14,686.5379999999999,696.5379999999999,2,0
h,78.14,83.7,686.5379999999999,696.5379999999999,2,0
i,83.7,85.92,686.5379999999999,696.5379999999999,2,0
s,85.92,90.92,686.5379999999999,696.5379999999999,2,0
 ,90.92,93.7,686.5379999999999,696.5379999999999,2,0
i,93.7,95.92,686.5379999999999,696.5379999999999,2,0
s,95.92,100.92,686.5379999999999,696.5379999999999,2,0
 ,100.92,103.7,686.5379999999999,696.5379999999999,2,0
a,103.7,109.26,686.5379999999999,696.5379999999999,2,0
 ,109.26,112.04,686.5379999999999,696.5379999999999,2,0
s,112.04,117.04,686.5379999999999,696.5379999999999,2,0
m,117.04,125.37,686.5379999999999,696.5379999999999,2,0
a,125.37,130.93,686.5379999999999,696.5379999999999,2,0
l,130.93,133.15,686.5379999999999,696.5379999999999,2,0
l,133.15,135.37,686.5379999999999,696.5379999999999,2,0
 ,135.37,138.15,686.5379999999999,696.5379999999999,2,0
d,138.15,143.71,686.5379999999999,696.5379999999999,2,0
e,143.71,149.27,686.5379999999999,696.5379999999999,2,0
m,149.27,157.60000000000002,686.5379999999999,696.5379999999999,2,0
o,157.60000000000002,163.16000000000003,686.5379999999999,696.5379999999999,2,0
n,163.16000000000003,168.72000000000003,686.5379999999999,696.5379999999999,2,0
s,168.72000000000003,173.72000000000003,686.5379999999999,696.5379999999999,2,0
t,173.72000000000003,176.50000000000003,686.5379999999999,696.5379999999999,2,0
r,176.5,179.83,686.5379999999999,696.5379999999999,2,0
a,179.83,185.39000000000001,686.5379999999999,696.5379999999999,2,0
t,185.39000000000001,188.17000000000002,686.5379999999999,696.5379999999999,2,0
i,188.17000000000002,190.39000000000001,686.5379999999999,696.5379999999999,2,0
o,190.39000000000001,195.95000000000002,686.5379999999999,696.5379999999999,2,0
n,195.95000000000002,201.51000000000002,686.5379999999999,696.5379999999999,2,0
 ,201.51000000000002,204.29000000000002,686.5379999999999,696.5379999999999,2,0
.,204.29000000000002,207.07000000000002,686.5379999999999,696.5379999999999,2,0
p,207.07000000000002,212.63000000000002,686.5379999999999,696.5379999999999,2,0
d,212.63000000000002,218.19000000000003,686.5379999999999,696.5379999999999,2,0
f,218.19000000000003,220.97000000000003,686.5379999999999,696.5379999999999,2,0
 ,220.97000000000003,223.75000000000003,686.5379999999999,696.5379999999999,2,0
f,223.75000000000003,226.53000000000003,686.5379999999999,696.5379999999999,2,0
i,226.53000000000003,228.75000000000003,686.5379999999999,696.5379999999999,2,0
l,228.75000000000003,230.97000000000003,686.5379999999999,696.5379999999999,2,0
e,230.97000000000003,236.53000000000003,686.5379999999999,696.5379999999999,2,0
 ,236.53000000000003,239.31000000000003,686.5379999999999,696.5379999999999,2,0
-,239.31000000000003,242.64000000000004,686.5379999999999,696.5379999999999,2,0
 ,242.64000000000004,245.42000000000004,686.5379999999999,696.5379999999999,2,0
 ,69.25,72.03,662.6339999999999,672.6339999999999,3,0
j,72.03,74.25,662.6339999999999,672.6339999999999,3,0
u,74.25,79.81,662.6339999999999,672.6339999999999,3,0
s,79.81,84.81,662.6339999999999,672.6339999999999,3,0
t,84.81,87.59,662.6339999999999,672.6339999999999,3,0
 ,87.59,90.37,662.6339999999999,672.6339999999999,3,0
f,90.37,93.15,662.6339999999999,672.6339999999999,3,0
o,93.15,98.71000000000001,662.6339999999999,672.6339999999999,3,0
r,98.71000000000001,102.04,662.6339999999999,672.6339999999999,3,0
 ,102.03999999999999,104.82,662.6339999999999,672.6339999999999,3,0
u,104.82,110.38,662.6339999999999,672.6339999999999,3,0
s,110.38,115.38,662.6339999999999,672.6339999999999,3,0
e,115.38,120.94,662.6339999999999,672.6339999999999,3,0
 ,120.94,123.72,662.6339999999999,672.6339999999999,3,0
i,123.72,125.94,662.6339999999999,672.6339999999999,3,0
n,125.94,131.5,662.6339999999999,672.6339999999999,3,0
 ,131.5,134.28,662.6339999999999,672.6339999999999,3,0
t,134.28,137.06,662.6339999999999,672.6339999999999,3,0
h,137.06,142.62,662.6339999999999,672.6339999999999,3,0
e,142.62,148.18,662.6339999999999,672.6339999999999,3,0
 ,148.18,150.96,662.6339999999999,672.6339999999999,3,0
V,150.96,157.63,662.6339999999999,672.6339999999999,3,0
i,157.63,159.85,662.6339999999999,672.6339999999999,3,0
r,159.85000000000002,163.18000000000004,662.6339999999999,672.6339999999999,3,0
t,163.18,165.96,662.6339999999999,672.6339999999999,3,0
u,165.96,171.52,662.6339999999999,672.6339999999999,3,0
a,171.52,177.08,662.6339999999999,672.6339999999999,3,0
l,177.08,179.3,662.6339999999999,672.6339999999999,3,0
 ,179.3,182.08,662.6339999999999,672.6339999999999,3,0
M,182.08,190.41000000000003,662.6339999999999,672.6339999999999,3,0
e,190.41000000000003,195.97000000000003,662.6339999999999,672.6339999999999,3,0
c,195.97000000000003,200.97000000000003,662.6339999999999,672.6339999999999,3,0
h,200.97000000000003,206.53000000000003,662.6339999999999,672.6339999999999,3,0
a,206.53000000000003,212.09000000000003,662.6339999999999,672.6339999999999,3,0
n,212.09000000000003,217.65000000000003,662.6339999999999,672.6339999999999,3,0
i,217.65000000000003,219.87000000000003,662.6339999999999,672.6339999999999,3,0
c,219.87000000000003,224.87000000000003,662.6339999999999,672.6339999999999,3,0
s,224.87000000000003,229.87000000000003,662.6339999999999,672.6339999999999,3,0
 ,229.87000000000003,232.65000000000003,662.6339999999999,672.6339999999999,3,0
t,232.65000000000003,235.43000000000004,662.6339999999999,672.6339999999999,3,0
u,235.43000000000004,240.99000000000004,662.6339999999999,672.6339999999999,3,0
t,240.99000000000004,243.77000000000004,662.6339999999999,672.6339999999999,3,0
o,243.77000000000004,249.33000000000004,662.6339999999999,672.6339999999999,3,0
r,249.33000000000004,252.66000000000005,662.6339999999999,672.6339999999999,3,0
i,252.66000000000005,254.88000000000005,662.6339999999999,672.6339999999999,3,0
a,254.88000000000005,260.44000000000005,662.6339999999999,672.6339999999999,3,0
l,260.44000000000005,262.6600000000001,662.6339999999999,672.6339999999999,3,0
s,262.6600000000001,267.6600000000001,662.6339999999999,672.6339999999999,3,0
.,267.6600000000001,270.44000000000005,662.6339999999999,672.6339999999999,3,0
 ,270.44000000000005,273.22,662.6339999999999,672.6339999999999,3,0
M,273.22,281.55,662.6339999999999,672.6339999999999,3,0
o,281.55000000000007,287.11000000000007,662.6339999999999,672.6339999999999,3,0
r,287.11000000000007,290.44000000000005,662.6339999999999,672.6339999999999,3,0
e,290.44000000000005,296.00000000000006,662.6339999999999,672.6339999999999,3,0
 ,296.0000000000001,298.7800000000001,662.6339999999999,672.6339999999999,3,0
t,298.7800000000001,301.56000000000006,662.6339999999999,672.6339999999999,3,0
e,301.56000000000006,307.12000000000006,662.6339999999999,672.6339999999999,3,0
x,307.1200000000001,312.1200000000001,662.6339999999999,672.6339999999999,3,0
t,312.1200000000001,314.9000000000001,662.6339999999999,672.6339999999999,3,0
.,314.9000000000001,317.68000000000006,662.6339999999999,672.6339999999999,3,0
 ,317.68000000000006,320.46000000000004,662.6339999999999,672.6339999999999,3,0
A,320.4600000000001,327.1300000000001,662.6339999999999,672.6339999999999,3,0
n,327.1300000000001,332.6900000000001,662.6339999999999,672.6339999999999,3,0
d,332.6900000000001,338.2500000000001,662.6339999999999,672.6339999999999,3,0
 ,338.2500000000001,341.0300000000001,662.6339999999999,672.6339999999999,3,0
m,341.0300000000001,349.36000000000007,662.6339999999999,672.6339999999999,3,0
o,349.36000000000007,354.9200000000001,662.6339999999999,672.6339999999999,3,0
r,354.9200000000001,358.25000000000006,662.6339999999999,672.6339999999999,3,0
e,358.25000000000006,363.81000000000006,662.6339999999999,672.6339999999999,3,0
 ,363.81000000000006,366.59000000000003,662.6339999999999,672.6339999999999,3,0
 ,69.25,72.03,650.6819999999999,660.6819999999999,4,0
t,72.03,74.81,650.6819999999999,660.6819999999999,4,0
e,74.81,80.37,650.6819999999999,660.6819999999999,4,0
x,80.37,85.37,650.6819999999999,660.6819999999999,4,0
t,85.37,88.15,650.6819999999999,660.6819999999999,4,0
.,88.15,90.93,650.6819999999999,660.6819999999999,4,0
 ,90.93,93.71000000000001,650.6819999999999,660.6819999999999,4,0
A,93.71000000000001,100.38000000000001,650.6819999999999,660.6819999999999,4,0
n,100.38,105.94,650.6819999999999,660.6819999999999,4,0
d,105.94,111.5,650.6819999999999,660.6819999999999,4,0
 ,111.5,114.28,650.6819999999999,660.6819999999999,4,0
m,114.28,122.61,650.6819999999999,660.6819999999999,4,0
o,122.61000000000001,128.17000000000002,650.6819999999999,660.6819999999999,4,0
r,128.17000000000002,131.50000000000003,650.6819999999999,660.6819999999999,4,0
e,131.5,137.06,650.6819999999999,660.6819999999999,4,0
 ,137.06,139.84,650.6819999999999,660.6819999999999,4,0
t,139.84,142.62,650.6819999999999,660.6819999999999,4,0
e,142.62,148.18,650.6819999999999,660.6819999999999,4,0
x,148.18,153.18,650.6819999999999,660.6819999999999,4,0
t,153.18,155.96,650.6819999999999,660.6819999999999,4,0
.,155.96,158.74,650.6819999999999,660.6819999999999,4,0
 ,158.74,161.52,650.6819999999999,660.6819999999999,4,0
A,161.52,168.19,650.6819999999999,660.6819999999999,4,0
n,168.19,173.75,650.6819999999999,660.6819999999999,4,0
d,173.75,179.31,650.6819999999999,660.6819999999999,4,0
 ,179.31,182.09,650.6819999999999,660.6819999999999,4,0
m,182.09000000000003,190.42000000000004,650.6819999999999,660.6819999999999,4,0
o,190.42000000000002,195.98000000000002,650.6819999999999,660.6819999999999,4,0
r,195.98000000000002,199.31000000000003,650.6819999999999,660.6819999999999,4,0
e,199.31000000000003,204.87000000000003,650.6819999999999,660.6819999999999,4,0
 ,204.87000000000003,207.65000000000003,650.6819999999999,660.6819999999999,4,0
t,207.65000000000003,210.43000000000004,650.6819999999999,660.6819999999999,4,0
e,210.43000000000004,215.99000000000004,650.6819999999999,660.6819999999999,4,0
x,215.99000000000004,220.99000000000004,650.6819999999999,660.6819999999999,4,0
t,220.99000000000004,223.77000000000004,650.6819999999999,660.6819999999999,4,0
.,223.77000000000004,226.55000000000004,650.6819999999999,660.6819999999999,4,0
 ,226.55000000000004,229.33000000000004,650.6819999999999,660.6819999999999,4,0
A,229.33000000000004,236.00000000000003,650.6819999999999,660.6819999999999,4,0
n,236.00000000000003,241.56000000000003,650.6819999999999,660.6819999999999,4,0
d,241.56000000000003,247.12000000000003,650.6819999999999,660.6819999999999,4,0
 ,247.12000000000003,249.90000000000003,650.6819999999999,660.6819999999999,4,0
m,249.90000000000003,258.23,650.6819999999999,660.6819999999999,4,0
o,258.23,263.79,650.6819999999999,660.6819999999999,4,0
r,263.7900000000001,267.12000000000006,650.6819999999999,660.6819999999999,4,0
e,267.12000000000006,272.68000000000006,650.6819999999999,660.6819999999999,4,0
 ,272.68000000000006,275.46000000000004,650.6819999999999,660.6819999999999,4,0
t,275.46000000000004,278.24,650.6819999999999,660.6819999999999,4,0
e,278.24000000000007,283.80000000000007,650.6819999999999,660.6819999999999,4,0
x,283.80000000000007,288.80000000000007,650.6819999999999,660.6819999999999,4,0
t,288.80000000000007,291.58000000000004,650.6819999999999,660.6819999999999,4,0
.,291.58000000000004,294.36,650.6819999999999,660.6819999999999,4,0
 ,294.36000000000007,297.14000000000004,650.6819999999999,660.6819999999999,4,0
 ,69.25,72.03,626.7779999999999,636.7779999999999,5,0
A,72.03,78.7,626.7779999999999,636.7779999999999,5,0
n,78.7,84.26,626.7779999999999,636.7779999999999,5,0
d,84.26,89.82000000000001,626.7779999999999,636.7779999999999,5,0
 ,89.82,92.6,626.7779999999999,636.7779999999999,5,0
m,92.6,100.92999999999999,626.7779999999999,636.7779999999999,5,0
o,100.93,106.49000000000001,626.7779999999999,636.7779999999999,5,0
r,106.49000000000001,109.82000000000001,626.7779999999999,636.7779999999999,5,0
e,109.82,115.38,626.7779999999999,636.7779999999999,5,0
 ,115.38,118.16,626.7779999999999,636.7779999999999,5,0
t,118.16,120.94,626.7779999999999,636.7779999999999,5,0
e,120.94,126.5,626.7779999999999,636.7779999999999,5,0
x,126.5,131.5,626.7779999999999,636.7779999999999,5,0
t,131.5,134.28,626.7779999999999,636.7779999999999,5,0
.,134.28,137.06,626.7779999999999,636.7779999999999,5,0
 ,137.06,139.84,626.7779999999999,636.7779999999999,5,0
A,139.84,146.51,626.7779999999999,636.7779999999999,5,0
n,146.51,152.07,626.7779999999999,636.7779999999999,5,0
d,152.07,157.63,626.7779999999999,636.7779999999999,5,0
 ,157.63,160.41,626.7779999999999,636.7779999999999,5,0
m,160.41000000000003,168.74000000000004,626.7779999999999,636.7779999999999,5,0
o,168.74,174.3,626.7779999999999,636.7779999999999,5,0
r,174.3,177.63000000000002,626.7779999999999,636.7779999999999,5,0
e,177.63,183.19,626.7779999999999,636.7779999999999,5,0
 ,183.19,185.97,626.7779999999999,636.7779999999999,5,0
t,185.97000000000003,188.75000000000003,626.7779999999999,636.7779999999999,5,0
e,188.75,194.31,626.7779999999999,636.7779999999999,5,0
x,194.31,199.31,626.7779999999999,636.7779999999999,5,0
t,199.31,202.09,626.7779999999999,636.7779999999999,5,0
.,202.09,204.87,626.7779999999999,636.7779999999999,5,0
 ,204.87,207.65,626.7779999999999,636.7779999999999,5,0
A,207.65,214.32,626.7779999999999,636.7779999999999,5,0
n,214.32,219.88,626.7779999999999,636.7779999999999,5,0
d,219.88,225.44,626.7779999999999,636.7779999999999,5,0
 ,225.44,228.22,626.7779999999999,636.7779999999999,5,0
m,228.22,236.55,626.7779999999999,636.7779999999999,5,0
o,236.55,242.11,626.7779999999999,636.7779999999999,5,0
r,242.11,245.44000000000003,626.7779999999999,636.7779999999999,5,0
e,245.44000000000003,251.00000000000003,626.7779999999999,636.7779999999999,5,0
 ,251.00000000000003,253.78000000000003,626.7779999999999,636.7779999999999,5,0
t,253.78000000000003,256.56,626.7779999999999,636.7779999999999,5,0
e,256.56000000000006,262.12000000000006,626.7779999999999,636.7779999999999,5,0
x,262.12,267.12,626.7779999999999,636.7779999999999,5,0
t,267.12,269.9,626.7779999999999,636.7779999999999,5,0
.,269.90000000000003,272.68,626.7779999999999,636.7779999999999,5,0
 ,272.68000000000006,275.46000000000004,626.7779999999999,636.7779999999999,5,0
A,275.46000000000004,282.13000000000005,626.7779999999999,636.7779999999999,5,0
n,282.13,287.69,626.7779999999999,636.7779999999999,5,0
d,287.69000000000005,293.25000000000006,626.7779999999999,636.7779999999999,5,0
 ,293.25,296.03,626.7779999999999,636.7779999999999,5,0
m,296.03000000000003,304.36,626.7779999999999,636.7779999999999,5,0
o,304.36,309.92,626.7779999999999,636.7779999999999,5,0
r,309.9200000000001,313.25000000000006,626.7779999999999,636.7779999999999,5,0
e,313.25000000000006,318.81000000000006,626.7779999999999,636.7779999999999,5,0
 ,318.81000000000006,321.59000000000003,626.7779999999999,636.7779999999999,5,0
t,321.59000000000003,324.37,626.7779999999999,636.7779999999999,5,0
e,324.37000000000006,329.93000000000006,626.7779999999999,636.7779999999999,5,0
x,329.93000000000006,334.93000000000006,626.7779999999999,636.7779999999999,5,0
t,334.93000000000006,337.71000000000004,626.7779999999999,636.7779999999999,5,0
.,337.71000000000004,340.49,626.7779999999999,636.7779999999999,5,0
 ,340.49,343.27,626.7779999999999,636.7779999999999,5,0
A,343.27,349.94,626.7779999999999,636.7779999999999,5,0
n,349.94,355.5,626.7779999999999,636.7779999999999,5,0
d,355.5,361.06,626.7779999999999,636.7779999999999,5,0
 ,361.06,363.84,626.7779999999999,636.7779999999999,5,0
m,363.84,372.16999999999996,626.7779999999999,636.7779999999999,5,0
o,372.16999999999996,377.72999999999996,626.7779999999999,636.7779999999999,5,0
r,377.72999999999996,381.05999999999995,626.7779999999999,636.7779999999999,5,0
e,381.05999999999995,386.61999999999995,626.7779999999999,636.7779999999999,5,0
 ,386.61999999999995,389.3999999999999,626.7779999999999,636.7779999999999,5,0
 ,69.25,72.03,614.8259999999999,624.8259999999999,6,0
t,72.03,74.81,614.8259999999999,624.8259999999999,6,0
e,74.81,80.37,614.8259999999999,624.8259999999999,6,0
x,80.37,85.37,614.8259999999999,624.8259999999999,6,0
t,85.37,88.15,614.8259999999999,624.8259999999999,6,0
.,88.15,90.93,614.8259999999999,624.8259999999999,6,0
 ,90.93,93.71000000000001,614.8259999999999,624.8259999999999,6,0
A,93.71000000000001,100.38000000000001,614.8259999999999,624.8259999999999,6,0
n,100.38,105.94,614.8259999999999,624.8259999999999,6,0
d,105.94,111.5,614.8259999999999,624.8259999999999,6,0
 ,111.5,114.28,614.8259999999999,624.8259999999999,6,0
m,114.28,122.61,614.8259999999999,624.8259999999999,6,0
o,122.61000000000001,128.17000000000002,614.8259999999999,624.8259999999999,6,0
r,128.17000000000002,131.50000000000003,614.8259999999999,624.8259999999999,6,0
e,131.5,137.06,614.8259999999999,624.8259999999999,6,0
 ,137.06,139.84,614.8259999999999,624.8259999999999,6,0
t,139.84,142.62,614.8259999999999,624.8259999999999,6,0
e,142.62,148.18,614.8259999999999,624.8259999999999,6,0
x,148.18,153.18,614.8259999999999,624.8259999999999,6,0
t,153.18,155.96,614.8259999999999,624.8259999999999,6,0
.,155.96,158.74,614.8259999999999,624.8259999999999,6,0
 ,158.74,161.52,614.8259999999999,624.8259999999999,6,0
B,161.52,168.19,614.8259999999999,624.8259999999999,6,0
o,168.19,173.75,614.8259999999999,624.8259999999999,6,0
r,173.75,177.08,614.8259999999999,624.8259999999999,6,0
i,177.08,179.3,614.8259999999999,624.8259999999999,6,0
n,179.3,184.86,614.8259999999999,624.8259999999999,6,0
g,184.86,190.42000000000002,614.8259999999999,624.8259999999999,6,0
",",190.42000000000002,193.20000000000002,614.8259999999999,624.8259999999999,6,0
 ,193.20000000000002,195.98000000000002,614.8259999999999,624.8259999999999,6,0
z,195.98000000000002,200.98000000000002,614.8259999999999,624.8259999999999,6,0
z,200.98000000000002,205.98000000000002,614.8259999999999,624.8259999999999,6,0
z,205.98000000000002,210.98000000000002,614.8259999999999,624.8259999999999,6,0
z,210.98000000000002,215.98000000000002,614.8259999999999,624.8259999999999,6,0
z,215.98000000000002,220.98000000000002,614.8259999999999,624.8259999999999,6,0
.,220.98000000000002,223.76000000000002,614.8259999999999,624.8259999999999,6,0
 ,223.76000000000002,226.54000000000002,614.8259999999999,624.8259999999999,6,0
A,226.54000000000002,233.21,614.8259999999999,624.8259999999999,6,0
n,233.21,238.77,614.8259999999999,624.8259999999999,6,0
d,238.77,244.33,614.8259999999999,624.8259999999999,6,0
 ,244.33,247.11,614.8259999999999,624.8259999999999,6,0
m,247.11,255.44000000000003,614.8259999999999,624.8259999999999,6,0
o,255.44000000000003,261.0,614.8259999999999,624.8259999999999,6,0
r,261.0,264.33,614.8259999999999,624.8259999999999,6,0
e,264.33000000000004,269.89000000000004,614.8259999999999,624.8259999999999,6,0
 ,269.89000000000004,272.67,614.8259999999999,624.8259999999999,6,0
t,272.6700000000001,275.45000000000005,614.8259999999999,624.8259999999999,6,0
e,275.45000000000005,281.01000000000005,614.8259999999999,624.8259999999999,6,0
x,281.01000000000005,286.01000000000005,614.8259999999999,624.8259999999999,6,0
t,286.01000000000005,288.79,614.8259999999999,624.8259999999999,6,0
.,288.7900000000001,291.57000000000005,614.8259999999999,624.8259999999999,6,0
 ,291.57000000000005,294.35,614.8259999999999,624.8259999999999,6,0
A,294.35,301.02000000000004,614.8259999999999,624.8259999999999,6,0
n,301.02000000000004,306.58000000000004,614.8259999999999,624.8259999999999,6,0
d,306.58000000000004,312.14000000000004,614.8259999999999,624.8259999999999,6,0
 ,312.14000000000004,314.92,614.8259999999999,624.8259999999999,6,0
m,314.9200000000001,323.25000000000006,614.8259999999999,624.8259999999999,6,0
o,323.25000000000006,328.81000000000006,614.8259999999999,624.8259999999999,6,0
r,328.81000000000006,332.14000000000004,614.8259999999999,624.8259999999999,6,0
e,332.14000000000004,337.70000000000005,614.8259999999999,624.8259999999999,6,0
 ,337.70000000000005,340.48,614.8259999999999,624.8259999999999,6,0
t,340.48,343.26,614.8259999999999,624.8259999999999,6,0
e,343.26,348.82,614.8259999999999,624.8259999999999,6,0
x,348.82,353.82,614.8259999999999,624.8259999999999,6,0
t,353.82,356.59999999999997,614.8259999999999,624.8259999999999,6,0
.,356.59999999999997,359.37999999999994,614.8259999999999,624.8259999999999,6,0
 ,359.37999999999994,362.1599999999999,614.8259999999999,624.8259999999999,6,0
A,362.1599999999999,368.8299999999999,614.8259999999999,624.8259999999999,6,0
n,368.8299999999999,374.38999999999993,614.8259999999999,624.8259999999999,6,0
d,374.38999999999993,379.94999999999993,614.8259999999999,624.8259999999999,6,0
 ,379.94999999999993,382.7299999999999,614.8259999999999,624.8259999999999,6,0
 ,69.25,72.03,602.8739999999999,612.8739999999999,7,0
m,72.03,80.36,602.8739999999999,612.8739999999999,7,0
o,80.36,85.92,602.8739999999999,612.8739999999999,7,0
r,85.92,89.25,602.8739999999999,612.8739999999999,7,0
e,89.25,94.81,602.8739999999999,612.8739999999999,7,0
 ,94.81,97.59,602.8739999999999,612.8739999999999,7,0
t,97.59,100.37,602.8739999999999,612.8739999999999,7,0
e,100.37,105.93,602.8739999999999,612.8739999999999,7,0
x,105.93,110.93,602.8739999999999,612.8739999999999,7,0
t,110.93,113.71000000000001,602.8739999999999,612.8739999999999,7,0
.,113.71000000000001,116.49000000000001,602.8739999999999,612.8739999999999,7,0
 ,116.49000000000001,119.27000000000001,602.8739999999999,612.8739999999999,7,0
A,119.27000000000001,125.94000000000001,602.8739999999999,612.8739999999999,7,0
n,125.94000000000001,131.5,602.8739999999999,612.8739999999999,7,0
d,131.5,137.06,602.8739999999999,612.8739999999999,7,0
 ,137.06,139.84,602.8739999999999,612.8739999999999,7,0
m,139.84000000000003,148.17000000000004,602.8739999999999,612.8739999999999,7,0
o,148.17000000000002,153.73000000000002,602.8739999999999,612.8739999999999,7,0
r,153.73000000000002,157.06000000000003,602.8739999999999,612.8739999999999,7,0
e,157.06,162.62,602.8739999999999,612.8739999999999,7,0
 ,162.62,165.4,602.8739999999999,612.8739999999999,7,0
t,165.40000000000003,168.18000000000004,602.8739999999999,612.8739999999999,7,0
e,168.18,173.74,602.8739999999999,612.8739999999999,7,0
x,173.74,178.74,602.8739999999999,612.8739999999999,7,0
t,178.74,181.52,602.8739999999999,612.8739999999999,7,0
.,181.52000000000004,184.30000000000004,602.8739999999999,612.8739999999999,7,0
 ,184.3,187.08,602.8739999999999,612.8739999999999,7,0
A,187.08000000000004,193.75000000000003,602.8739999999999,612.8739999999999,7,0
n,193.75000000000003,199.31000000000003,602.8739999999999,612.8739999999999,7,0
d,199.31000000000003,204.87000000000003,602.8739999999999,612.8739999999999,7,0
 ,204.87000000000003,207.65000000000003,602.8739999999999,612.8739999999999,7,0
m,207.65000000000003,215.98000000000005,602.8739999999999,612.8739999999999,7,0
o,215.98000000000005,221.54000000000005,602.8739999999999,612.8739999999999,7,0
r,221.54000000000005,224.87000000000006,602.8739999999999,612.8739999999999,7,0
e,224.87000000000006,230.43000000000006,602.8739999999999,612.8739999999999,7,0
 ,230.43000000000006,233.21000000000006,602.8739999999999,612.8739999999999,7,0
t,233.21000000000006,235.99000000000007,602.8739999999999,612.8739999999999,7,0
e,235.99000000000007,241.55000000000007,602.8739999999999,612.8739999999999,7,0
x,241.55000000000007,246.55000000000007,602.8739999999999,612.8739999999999,7,0
t,246.55000000000007,249.33000000000007,602.8739999999999,612.8739999999999,7,0
.,249.33000000000007,252.11000000000007,602.8739999999999,612.8739999999999,7,0
 ,252.11000000000007,254.89000000000007,602.8739999999999,612.8739999999999,7,0
A,254.89000000000007,261.56000000000006,602.8739999999999,612.8739999999999,7,0
n,261.56000000000006,267.12000000000006,602.8739999999999,612.8739999999999,7,0
d,267.12000000000006,272.68000000000006,602.8739999999999,612.8739999999999,7,0
 ,272.68000000000006,275.46000000000004,602.8739999999999,612.8739999999999,7,0
m,275.46000000000004,283.79,602.8739999999999,612.8739999999999,7,0
o,283.7900000000001,289.3500000000001,602.8739999999999,612.8739999999999,7,0
r,289.3500000000001,292.68000000000006,602.8739999999999,612.8739999999999,7,0
e,292.68000000000006,298.24000000000007,602.8739999999999,612.8739999999999,7,0
 ,298.2400000000001,301.0200000000001,602.8739999999999,612.8739999999999,7,0
t,301.0200000000001,303.80000000000007,602.8739999999999,612.8739999999999,7,0
e,303.80000000000007,309.36000000000007,602.8739999999999,612.8739999999999,7,0
x,309.3600000000001,314.3600000000001,602.8739999999999,612.8739999999999,7,0
t,314.3600000000001,317.1400000000001,602.8739999999999,612.8739999999999,7,0
.,317.1400000000001,319.9200000000001,602.8739999999999,612.8739999999999,7,0
 ,319.9200000000001,322.70000000000005,602.8739999999999,612.8739999999999,7,0
A,322.7000000000001,329.3700000000001,602.8739999999999,612.8739999999999,7,0
n,329.3700000000001,334.9300000000001,602.8739999999999,612.8739999999999,7,0
d,334.9300000000001,340.4900000000001,602.8739999999999,612.8739999999999,7,0
 ,340.4900000000001,343.2700000000001,602.8739999999999,612.8739999999999,7,0
m,343.2700000000001,351.6000000000001,602.8739999999999,612.8739999999999,7,0
o,351.6000000000001,357.1600000000001,602.8739999999999,612.8739999999999,7,0
r,357.1600000000001,360.49000000000007,602.8739999999999,612.8739999999999,7,0
e,360.49000000000007,366.05000000000007,602.8739999999999,612.8739999999999,7,0
 ,366.05000000000007,368.83000000000004,602.8739999999999,612.8739999999999,7,0
t,368.83000000000004,371.61,602.8739999999999,612.8739999999999,7,0
e,371.61,377.17,602.8739999999999,612.8739999999999,7,0
x,377.17,382.17,602.8739999999999,612.8739999999999,7,0
t,382.17,384.95,602.8739999999999,612.8739999999999,7,0
.,384.95,387.72999999999996,602.8739999999999,612.8739999999999,7,0
 ,387.72999999999996,390.50999999999993,602.8739999999999,612.8739999999999,7,0
 ,69.25,72.03,590.9219999999999,600.9219999999999,8,0
A,72.03,78.7,590.9219999999999,600.9219999999999,8,0
n,78.7,84.26,590.9219999999999,600.9219999999999,8,0
d,84.26,89.82000000000001,590.9219999999999,600.9219999999999,8,0
 ,89.82,92.6,590.9219999999999,600.9219999999999,8,0
m,92.6,100.92999999999999,590.9219999999999,600.9219999999999,8,0
o,100.93,106.49000000000001,590.9219999999999,600.9219999999999,8,0
r,106.49000000000001,109.82000000000001,590.9219999999999,600.9219999999999,8,0
e,109.82,115.38,590.9219999999999,600.9219999999999,8,0
 ,115.38,118.16,590.9219999999999,600.9219999999999,8,0
t,118.16,120.94,590.9219999999999,600.9219999999999,8,0
e,120.94,126.5,590.9219999999999,600.9219999999999,8,0
x,126.5,131.5,590.9219999999999,600.9219999999999,8,0
t,131.5,134.28,590.9219999999999,600.9219999999999,8,0
.,134.28,137.06,590.9219999999999,600.9219999999999,8,0
 ,137.06,139.84,590.9219999999999,600.9219999999999,8,0
A,139.84,146.51,590.9219999999999,600.9219999999999,8,0
n,146.51,152.07,590.9219999999999,600.9219999999999,8,0
d,152.07,157.63,590.9219999999999,600.9219999999999,8,0
 ,157.63,160.41,590.9219999999999,600.9219999999999,8,0
m,160.41000000000003,168.74000000000004,590.9219999999999,600.9219999999999,8,0
o,168.74,174.3,590.9219999999999,600.9219999999999,8,0
r,174.3,177.63000000000002,590.9219999999999,600.9219999999999,8,0
e,177.63,183.19,590.9219999999999,600.9219999999999,8,0
 ,183.19,185.97,590.9219999999999,600.9219999999999,8,0
t,185.97000000000003,188.75000000000003,590.9219999999999,600.9219999999999,8,0
e,188.75,194.31,590.9219999999999,600.9219999999999,8,0
x,194.31,199.31,590.9219999999999,600.9219999999999,8,0
t,199.31,202.09,590.9219999999999,600.9219999999999,8,0
.,202.09,204.87,590.9219999999999,600.9219999999999,8,0
 ,204.87,207.65,590.9219999999999,600.9219999999999,8,0
 ,69.25,72.03,567.0179999999999,577.0179999999999,9,0
A,72.03,78.7,567.0179999999999,577.0179999999999,9,0
n,78.7,84.26,567.0179999999999,577.0179999999999,9,0
d,84.26,89.82000000000001,567.0179999999999,577.0179999999999,9,0
 ,89.82,92.6,567.0179999999999,577.0179999999999,9,0
m,92.6,100.92999999999999,567.0179999999999,577.0179999999999,9,0
o,100.93,106.49000000000001,567.0179999999999,577.0179999999999,9,0
r,106.49000000000001,109.82000000000001,567.0179999999999,577.0179999999999,9,0
e,109.82,115.38,567.0179999999999,577.0179999999999,9,0
 ,115.38,118.16,567.0179999999999,577.0179999999999,9,0
t,118.16,120.94,567.0179999999999,577.0179999999999,9,0
e,120.94,126.5,567.0179999999999,577.0179999999999,9,0
x,126.5,131.5,567.0179999999999,577.0179999999999,9,0
t,131.5,134.28,567.0179999999999,577.0179999999999,9,0
.,134.28,137.06,567.0179999999999,577.0179999999999,9,0
 ,137.06,139.84,567.0179999999999,577.0179999999999,9,0
A,139.84,146.51,567.0179999999999,577.0179999999999,9,0
n,146.51,152.07,567.0179999999999,577.0179999999999,9,0
d,152.07,157.63,567.0179999999999,577.0179999999999,9,0
 ,157.63,160.41,567.0179999999999,577.0179999999999,9,0
m,160.41000000000003,168.74000000000004,567.0179999999999,577.0179999999999,9,0
o,168.74,174.3,567.0179999999999,577.0179999999999,9,0
r,174.3,177.63000000000002,567.0179999999999,577.0179999999999,9,0
e,177.63,183.19,567.0179999999999,577.0179999999999,9,0
 ,183.19,185.97,567.0179999999999,577.0179999999999,9,0
t,185.97000000000003,188.75000000000003,567.0179999999999,577.0179999999999,9,0
e,188.75,194.31,567.0179999999999,577.0179999999999,9,0
x,194.31,199.31,567.0179999999999,577.0179999999999,9,0
t,199.31,202.09,567.0179999999999,577.0179999999999,9,0
.,202.09,204.87,567.0179999999999,577.0179999999999,9,0
 ,204.87,207.65,567.0179999999999,577.0179999999999,9,0
A,207.65,214.32,567.0179999999999,577.0179999999999,9,0
n,214.32,219.88,567.0179999999999,577.0179999999999,9,0
d,219.88,225.44,567.0179999999999,577.0179999999999,9,0
 ,225.44,228.22,567.0179999999999,577.0179999999999,9,0
m,228.22,236.55,567.0179999999999,577.0179999999999,9,0
o,236.55,242.11,567.0179999999999,577.0179999999999,9,0
r,242.11,245.44000000000003,567.0179999999999,577.0179999999999,9,0
e,245.44000000000003,251.00000000000003,567.0179999999999,577.0179999999999,9,0
 ,251.00000000000003,253.78000000000003,567.0179999999999,577.0179999999999,9,0
t,253.78000000000003,256.56,567.0179999999999,577.0179999999999,9,0
e,256.56000000000006,262.12000000000006,567.0179999999999,577.0179999999999,9,0
x,262.12,267.12,567.0179999999999,577.0179999999999,9,0
t,267.12,269.9,567.0179999999999,577.0179999999999,9,0
.,269.90000000000003,272.68,567.0179999999999,577.0179999999999,9,0
 ,272.68000000000006,275.46000000000004,567.0179999999999,577.0179999999999,9,0
A,275.46000000000004,282.13000000000005,567.0179999999999,577.0179999999999,9,0
n,282.13,287.69,567.0179999999999,577.0179999999999,9,0
d,287.69000000000005,293.25000000000006,567.0179999999999,577.0179999999999,9,0
 ,293.25,296.03,567.0179999999999,577.0179999999999,9,0
m,296.03000000000003,304.36,567.0179999999999,577.0179999999999,9,0
o,304.36,309.92,567.0179999999999,577.0179999999999,9,0
r,309.9200000000001,313.25000000000006,567.0179999999999,577.0179999999999,9,0
e,313.25000000000006,318.81000000000006,567.0179999999999,577.0179999999999,9,0
 ,318.81000000000006,321.59000000000003,567.0179999999999,577.0179999999999,9,0
t,321.59000000000003,324.37,567.0179999999999,577.0179999999999,9,0
e,324.37000000000006,329.93000000000006,567.0179999999999,577.0179999999999,9,0
x,329.93000000000006,334.93000000000006,567.0179999999999,577.0179999999999,9,0
t,334.93000000000006,337.71000000000004,567.0179999999999,577.0179999999999,9,0
.,337.71000000000004,340.49,567.0179999999999,577.0179999999999,9,0
 ,340.49,343.27,567.0179999999999,577.0179999999999,9,0
A,343.27,349.94,567.0179999999999,577.0179999999999,9,0
n,349.94,355.5,567.0179999999999,577.0179999999999,9,0
d,355.5,361.06,567.0179999999999,577.0179999999999,9,0
 ,361.06,363.84,567.0179999999999,577.0179999999999,9,0
m,363.84,372.16999999999996,567.0179999999999,577.0179999999999,9,0
o,372.16999999999996,377.72999999999996,567.0179999999999,577.0179999999999,9,0
r,377.72999999999996,381.05999999999995,567.0179999999999,577.0179999999999,9,0
e,381.05999999999995,386.61999999999995,567.0179999999999,577.0179999999999,9,0
 ,386.61999999999995,389.3999999999999,567.0179999999999,577.0179999999999,9,0
 ,69.25,72.03,555.0659999999999,565.0659999999999,10,0
t,72.03,74.81,555.0659999999999,565.0659999999999,10,0
e,74.81,80.37,555.0659999999999,565.0659999999999,10,0
x,80.37,85.37,555.0659999999999,565.0659999999999,10,0
t,85.37,88.15,555.0659999999999,565.0659999999999,10,0
.,88.15,90.93,555.0659999999999,565.0659999999999,10,0
 ,90.93,93.71000000000001,555.0659999999999,565.0659999999999,10,0
A,93.71000000000001,100.38000000000001,555.0659999999999,565.0659999999999,10,0
n,100.38,105.94,555.0659999999999,565.0659999999999,10,0
d,105.94,111.5,555.0659999999999,565.0659999999999,10,0
 ,111.5,114.28,555.0659999999999,565.0659999999999,10,0
m,114.28,122.61,555.0659999999999,565.0659999999999,10,0
o,122.61000000000001,128.17000000000002,555.0659999999999,565.0659999999999,10,0
r,128.17000000000002,131.50000000000003,555.0659999999999,565.0659999999999,10,0
e,131.5,137.06,555.0659999999999,565.0659999999999,10,0
 ,137.06,139.84,555.0659999999999,565.0659999999999,10,0
t,139.84,142.62,555.0659999999999,565.0659999999999,10,0
e,142.62,148.18,555.0659999999999,565.0659999999999,10,0
x,148.18,153.18,555.0659999999999,565.0659999999999,10,0
t,153.18,155.96,555.0659999999999,565.0659999999999,10,0
.,155.96,158.74,555.0659999999999,565.0659999999999,10,0
 ,158.74,161.52,555.0659999999999,565.0659999999999,10,0
A,161.52,168.19,555.0659999999999,565.0659999999999,10,0
n,168.19,173.75,555.0659999999999,565.0659999999999,10,0
d,173.75,179.31,555.0659999999999,565.0659999999999,10,0
 ,179.31,182.09,555.0659999999999,565.0659999999999,10,0
m,182.09000000000003,190.42000000000004,555.0659999999999,565.0659999999999,10,0
o,190.42000000000002,195.98000000000002,555.0659999999999,565.0659999999999,10,0
r,195.98000000000002,199.31000000000003,555.0659999999999,565.0659999999999,10,0
e,199.31000000000003,204.87000000000003,555.0659999999999,565.0659999999999,10,0
 ,204.87000000000003,207.65000000000003,555.0659999999999,565.0659999999999,10,0
t,207.65000000000003,210.43000000000004,555.0659999999999,565.0659999999999,10,0
e,210.43000000000004,215.99000000000004,555.0659999999999,565.0659999999999,10,0
x,215.99000000000004,220.99000000000004,555.0659999999999,565.0659999999999,10,0
t,220.99000000000004,223.77000000000004,555.0659999999999,565.0659999999999,10,0
.,223.77000000000004,226.55000000000004,555.0659999999999,565.0659999999999,10,0
 ,226.55000000000004,229.33000000000004,555.0659999999999,565.0659999999999,10,0
E,229.33000000000004,236.00000000000003,555.0659999999999,565.0659999999999,10,0
v,236.00000000000003,241.00000000000003,555.0659999999999,565.0659999999999,10,0
e,241.00000000000003,246.56000000000003,555.0659999999999,565.0659999999999,10,0
n,246.56000000000003,252.12000000000003,555.0659999999999,565.0659999999999,10,0
 ,252.12000000000003,254.90000000000003,555.0659999999999,565.0659999999999,10,0
m,254.90000000000003,263.23,555.0659999999999,565.0659999999999,10,0
o,263.23,268.79,555.0659999999999,565.0659999999999,10,0
r,268.7900000000001,272.12000000000006,555.0659999999999,565.0659999999999,10,0
e,272.12000000000006,277.68000000000006,555.0659999999999,565.0659999999999,10,0
.,277.68000000000006,280.46000000000004,555.0659999999999,565.0659999999999,10,0
 ,280.46000000000004,283.24,555.0659999999999,565.0659999999999,10,0
C,283.24000000000007,290.4600000000001,555.0659999999999,565.0659999999999,10,0
o,290.46000000000004,296.02000000000004,555.0659999999999,565.0659999999999,10,0
n,296.0200000000001,301.5800000000001,555.0659999999999,565.0659999999999,10,0
t,301.58000000000004,304.36,555.0659999999999,565.0659999999999,10,0
i,304.36000000000007,306.5800000000001,555.0659999999999,565.0659999999999,10,0
n,306.58000000000004,312.14000000000004,555.0659999999999,565.0659999999999,10,0
u,312.1400000000001,317.7000000000001,555.0659999999999,565.0659999999999,10,0
e,317.70000000000005,323.26000000000005,555.0659999999999,565.0659999999999,10,0
d,323.2600000000001,328.8200000000001,555.0659999999999,565.0659999999999,10,0
 ,328.82000000000005,331.6,555.0659999999999,565.0659999999999,10,0
o,331.6,337.16,555.0659999999999,565.0659999999999,10,0
n,337.16,342.72,555.0659999999999,565.0659999999999,10,0
 ,342.72,345.5,555.0659999999999,565.0659999999999,10,0
p,345.5,351.06,555.0659999999999,565.0659999999999,10,0
a,351.06,356.62,555.0659999999999,565.0659999999999,10,0
g,356.62,362.18,555.0659999999999,565.0659999999999,10,0
e,362.18,367.74,555.0659999999999,565.0659999999999,10,0
 ,367.74,370.52,555.0659999999999,565.0659999999999,10,0
2,370.52,376.08,555.0659999999999,565.0659999999999,10,0
 ,376.08,378.85999999999996,555.0659999999999,565.0659999999999,10,0
.,378.85999999999996,381.63999999999993,555.0659999999999,565.0659999999999,10,0
.,381.63999999999993,384.4199999999999,555.0659999999999,565.0659999999999,10,0
.,384.4199999999999,387.1999999999999,555.0659999999999,565.0659999999999,10,0
 ,57.375,64.881,716.6909999999999,743.691,11,1
S,64.881,82.89,716.6909999999999,743.691,11,1
i,82.89,88.884,716.6909999999999,743.691,11,1
m,88.884,111.375,716.6909999999999,743.691,11,1
p,111.375,126.387,716.6909999999999,743.691,11,1
l,126.387,132.381,716.6909999999999,743.691,11,1
e,132.381,147.393,716.6909999999999,743.691,11,1
 ,147.393,154.899,716.6909999999999,743.691,11,1
P,154.899,172.90800000000002,716.6909999999999,743.691,11,1
D,172.90800000000002,192.40200000000002,716.6909999999999,743.691,11,1
F,192.402,208.899,716.6909999999999,743.691,11,1
 ,208.899,216.405,716.6909999999999,743.691,11,1
F,216.405,232.902,716.6909999999999,743.691,11,1
i,232.902,238.896,716.6909999999999,743.691,11,1
l,238.896,244.89,716.6909999999999,743.691,11,1
e,244.89,259.902,716.6909999999999,743.691,11,1
 ,259.902,267.408,716.6909999999999,743.691,11,1
2,267.408,282.42,716.6909999999999,743.691,11,1
 ,282.41999999999996,289.92599999999993,716.6909999999999,743.691,11,1
 ,69.25,72.03,686.5379999999999,696.5379999999999,12,1
.,72.03,74.81,686.5379999999999,696.5379999999999,12,1
.,74.81,77.59,686.5379999999999,696.5379999999999,12,1
.,77.59,80.37,686.5379999999999,696.5379999999999,12,1
c,80.37,85.37,686.5379999999999,696.5379999999999,12,1
o,85.37,90.93,686.5379999999999,696.5379999999999,12,1
n,90.93,96.49000000000001,686.5379999999999,696.5379999999999,12,1
t,96.49000000000001,99.27000000000001,686.5379999999999,696.5379999999999,12,1
i,99.27000000000001,101.49000000000001,686.5379999999999,696.5379999999999,12,1
n,101.49000000000001,107.05000000000001,686.5379999999999,696.5379999999999,12,1
u,107.05000000000001,112.61000000000001,686.5379999999999,696.5379999999999,12,1
e,112.61000000000001,118.17000000000002,686.5379999999999,696.5379999999999,12,1
d,118.17000000000002,123.73000000000002,686.5379999999999,696.5379999999999,12,1
 ,123.73000000000002,126.51000000000002,686.5379999999999,696.5379999999999,12,1
f,126.51000000000002,129.29000000000002,686.5379999999999,696.5379999999999,12,1
r,129.29000000000002,132.62000000000003,686.5379999999999,696.5379999999999,12,1
o,132.62,138.18,686.5379999999999,696.5379999999999,12,1
m,138.18,146.51000000000002,686.5379999999999,696.5379999999999,12,1
 ,146.51,149.29,686.5379999999999,696.5379999999999,12,1
p,149.29000000000002,154.85000000000002,686.5379999999999,696.5379999999999,12,1
a,154.85000000000002,160.41000000000003,686.5379999999999,696.5379999999999,12,1
g,160.41000000000003,165.97000000000003,686.5379999999999,696.5379999999999,12,1
e,165.97000000000003,171.53000000000003,686.5379999999999,696.5379999999999,12,1
 ,171.53000000000003,174.31000000000003,686.5379999999999,696.5379999999999,12,1
1,174.31,179.87,686.5379999999999,696.5379999999999,12,1
.,179.87,182.65,686.5379999999999,696.5379999999999,12,1
 ,182.65000000000003,185.43000000000004,686.5379999999999,696.5379999999999,12,1
Y,185.43,192.1,686.5379999999999,696.5379999999999,12,1
e,192.10000000000002,197.66000000000003,686.5379999999999,696.5379999999999,12,1
t,197.66000000000003,200.44000000000003,686.5379999999999,696.5379999999999,12,1
 ,200.44000000000003,203.22000000000003,686.5379999999999,696.5379999999999,12,1
m,203.22000000000003,211.55000000000004,686.5379999999999,696.5379999999999,12,1
o,211.55000000000004,217.11000000000004,686.5379999999999,696.5379999999999,12,1
r,217.11000000000004,220.44000000000005,686.5379999999999,696.5379999999999,12,1
e,220.44000000000005,226.00000000000006,686.5379999999999,696.5379999999999,12,1
 ,226.00000000000006,228.78000000000006,686.5379999999999,696.5379999999999,12,1
t,228.78000000000006,231.56000000000006,686.5379999999999,696.5379999999999,12,1
e,231.56000000000006,237.12000000000006,686.5379999999999,696.5379999999999,12,1
x,237.12000000000006,242.12000000000006,686.5379999999999,696.5379999999999,12,1
t,242.12000000000006,244.90000000000006,686.5379999999999,696.5379999999999,12,1
.,244.90000000000006,247.68000000000006,686.5379999999999,696.5379999999999,12,1
 ,247.68000000000006,250.46000000000006,686.5379999999999,696.5379999999999,12,1
A,250.46000000000006,257.13000000000005,686.5379999999999,696.5379999999999,12,1
n,257.13000000000005,262.69000000000005,686.5379999999999,696.5379999999999,12,1
d,262.69000000000005,268.25000000000006,686.5379999999999,696.5379999999999,12,1
 ,268.25000000000006,271.03000000000003,686.5379999999999,696.5379999999999,12,1
m,271.0300000000001,279.36000000000007,686.5379999999999,696.5379999999999,12,1
o,279.36000000000007,284.9200000000001,686.5379999999999,696.5379999999999,12,1
r,284.9200000000001,288.25000000000006,686.5379999999999,696.5379999999999,12,1
e,288.2500000000001,293.8100000000001,686.5379999999999,696.5379999999999,12,1
 ,293.81000000000006,296.59000000000003,686.5379999999999,696.5379999999999,12,1
t,296.5900000000001,299.37000000000006,686.5379999999999,696.5379999999999,12,1
e,299.3700000000001,304.9300000000001,686.5379999999999,696.5379999999999,12,1
x,304.93000000000006,309.93000000000006,686.5379999999999,696.5379999999999,12,1
t,309.93000000000006,312.71000000000004,686.5379999999999,696.5379999999999,12,1
.,312.7100000000001,315.49000000000007,686.5379999999999,696.5379999999999,12,1
 ,315.4900000000001,318.2700000000001,686.5379999999999,696.5379999999999,12,1
A,318.2700000000001,324.9400000000001,686.5379999999999,696.5379999999999,12,1
n,324.94000000000005,330.50000000000006,686.5379999999999,696.5379999999999,12,1
d,330.50000000000006,336.06000000000006,686.5379999999999,696.5379999999999,12,1
 ,336.06000000000006,338.84000000000003,686.5379999999999,696.5379999999999,12,1
m,338.84000000000003,347.17,686.5379999999999,696.5379999999999,12,1
o,347.17,352.73,686.5379999999999,696.5379999999999,12,1
r,352.73,356.06,686.5379999999999,696.5379999999999,12,1
e,356.06,361.62,686.5379999999999,696.5379999999999,12,1
 ,361.62,364.4,686.5379999999999,696.5379999999999,12,1
t,364.4,367.17999999999995,686.5379999999999,696.5379999999999,12,1
e,367.17999999999995,372.73999999999995,686.5379999999999,696.5379999999999,12,1
x,372.73999999999995,377.73999999999995,686.5379999999999,696.5379999999999,12,1
t,377.73999999999995,380.5199999999999,686.5379999999999,696.5379999999999,12,1
.,380.5199999999999,383.2999999999999,686.5379999999999,696.5379999999999,12,1
 ,383.2999999999999,386.07999999999987,686.5379999999999,696.5379999999999,12,1
 ,69.25,72.03,674.5859999999999,684.5859999999999,13,1
A,72.03,78.7,674.5859999999999,684.5859999999999,13,1
n,78.7,84.26,674.5859999999999,684.5859999999999,13,1
d,84.26,89.82000000000001,674.5859999999999,684.5859999999999,13,1
 ,89.82,92.6,674.5859999999999,684.5859999999999,13,1
m,92.6,100.92999999999999,674.5859999999999,684.5859999999999,13,1
o,100.93,106.49000000000001,674.5859999999999,684.5859999999999,13,1
r,106.49000000000001,109.82000000000001,674.5859999999999,684.5859999999999,13,1
e,109.82,115.38,674.5859999999999,684.5859999999999,13,1
 ,115.38,118.16,674.5859999999999,684.5859999999999,13,1
t,118.16,120.94,674.5859999999999,684.5859999999999,13,1
e,120.94,126.5,674.5859999999999,684.5859999999999,13,1
x,126.5,131.5,674.5859999999999,684.5859999999999,13,1
t,131.5,134.28,674.5859999999999,684.5859999999999,13,1
.,134.28,137.06,674.5859999999999,684.5859999999999,13,1
 ,137.06,139.84,674.5859999999999,684.5859999999999,13,1
A,139.84,146.51,674.5859999999999,684.5859999999999,13,1
n,146.51,152.07,674.5859999999999,684.5859999999999,13,1
d,152.07,157.63,674.5859999999999,684.5859999999999,13,1
 ,157.63,160.41,674.5859999999999,684.5859999999999,13,1
m,160.41000000000003,168.74000000000004,674.5859999999999,684.5859999999999,13,1
o,168.74,174.3,674.5859999999999,684.5859999999999,13,1
r,174.3,177.63000000000002,674.5859999999999,684.5859999999999,13,1
e,177.63,183.19,674.5859999999999,684.5859999999999,13,1
 ,183.19,185.97,674.5859999999999,684.5859999999999,13,1
t,185.97000000000003,188.75000000000003,674.5859999999999,684.5859999999999,13,1
e,188.75,194.31,674.5859999999999,684.5859999999999,13,1
x,194.31,199.31,674.5859999999999,684.5859999999999,13,1
t,199.31,202.09,674.5859999999999,684.5859999999999,13,1
.,202.09,204.87,674.5859999999999,684.5859999999999,13,1
 ,204.87,207.65,674.5859999999999,684.5859999999999,13,1
A,207.65,214.32,674.5859999999999,684.5859999999999,13,1
n,214.32,219.88,674.5859999999999,684.5859999999999,13,1
d,219.88,225.44,674.5859999999999,684.5859999999999,13,1
 ,225.44,228.22,674.5859999999999,684.5859999999999,13,1
m,228.22,236.55,674.5859999999999,684.5859999999999,13,1
o,236.55,242.11,674.5859999999999,684.5859999999999,13,1
r,242.11,245.44000000000003,674.5859999999999,684.5859999999999,13,1
e,245.44000000000003,251.00000000000003,674.5859999999999,684.5859999999999,13,1
 ,251.00000000000003,253.78000000000003,674.5859999999999,684.5859999999999,13,1
t,253.78000000000003,256.56,674.5859999999999,684.5859999999999,13,1
e,256.56000000000006,262.12000000000006,674.5859999999999,684.5859999999999,13,1
x,262.12,267.12,674.5859999999999,684.5859999999999,13,1
t,267.12,269.9,674.5859999999999,684.5859999999999,13,1
.,269.90000000000003,272.68,674.5859999999999,684.5859999999999,13,1
 ,272.68000000000006,275.46000000000004,674.5859999999999,684.5859999999999,13,1
A,275.46000000000004,282.13000000000005,674.5859999999999,684.5859999999999,13,1
n,282.13,287.69,674.5859999999999,684.5859999999999,13,1
d,287.69000000000005,293.25000000000006,674.5859999999999,684.5859999999999,13,1
 ,293.25,296.03,674.5859999999999,684.5859999999999,13,1
m,296.03000000000003,304.36,674.5859999999999,684.5859999999999,13,1
o,304.36,309.92,674.5859999999999,684.5859999999999,13,1
r,309.9200000000001,313.25000000000006,674.5859999999999,684.5859999999999,13,1
e,313.25000000000006,318.81000000000006,674.5859999999999,684.5859999999999,13,1
 ,318.81000000000006,321.59000000000003,674.5859999999999,684.5859999999999,13,1
t,321.59000000000003,324.37,674.5859999999999,684.5859999999999,13,1
e,324.37000000000006,329.93000000000006,674.5859999999999,684.5859999999999,13,1
x,329.93000000000006,334.93000000000006,674.5859999999999,684.5859999999999,13,1
t,334.93000000000006,337.71000000000004,674.5859999999999,684.5859999999999,13,1
.,337.71000000000004,340.49,674.5859999999999,684.5859999999999,13,1
 ,340.49,343.27,674.5859999999999,684.5859999999999,13,1
A,343.27,349.94,674.5859999999999,684.5859999999999,13,1
n,349.94,355.5,674.5859999999999,684.5859999999999,13,1
d,355.5,361.06,674.5859999999999,684.5859999999999,13,1
 ,361.06,363.84,674.5859999999999,684.5859999999999,13,1
m,363.84,372.16999999999996,674.5859999999999,684.5859999999999,13,1
o,372.16999999999996,377.72999999999996,674.5859999999999,684.5859999999999,13,1
r,377.72999999999996,381.05999999999995,674.5859999999999,684.5859999999999,13,1
e,381.05999999999995,386.61999999999995,674.5859999999999,684.5859999999999,13,1
 ,386.61999999999995,389.3999999999999,674.5859999999999,684.5859999999999,13,1
 ,69.25,72.03,662.6339999999999,672.6339999999999,14,1
t,72.03,74.81,662.6339999999999,672.6339999999999,14,1
e,74.81,80.37,662.6339999999999,672.6339999999999,14,1
x,80.37,85.37,662.6339999999999,672.6339999999999,14,1
t,85.37,88.15,662.6339999999999,672.6339999999999,14,1
.,88.15,90.93,662.6339999999999,672.6339999999999,14,1
 ,90.93,93.71000000000001,662.6339999999999,672.6339999999999,14,1
O,93.71000000000001,101.49000000000001,662.6339999999999,672.6339999999999,14,1
h,101.49000000000001,107.05000000000001,662.6339999999999,672.6339999999999,14,1
",",107.05000000000001,109.83000000000001,662.6339999999999,672.6339999999999,14,1
 ,109.83000000000001,112.61000000000001,662.6339999999999,672.6339999999999,14,1
h,112.61000000000001,118.17000000000002,662.6339999999999,672.6339999999999,14,1
o,118.17000000000002,123.73000000000002,662.6339999999999,672.6339999999999,14,1
w,123.73000000000002,130.95000000000002,662.6339999999999,672.6339999999999,14,1
 ,130.95000000000002,133.73000000000002,662.6339999999999,672.6339999999999,14,1
b,133.73000000000002,139.29000000000002,662.6339999999999,672.6339999999999,14,1
o,139.29000000000002,144.85000000000002,662.6339999999999,672.6339999999999,14,1
r,144.85000000000002,148.18000000000004,662.6339999999999,672.6339999999999,14,1
i,148.18,150.4,662.6339999999999,672.6339999999999,14,1
n,150.4,155.96,662.6339999999999,672.6339999999999,14,1
g,155.96,161.52,662.6339999999999,672.6339999999999,14,1
 ,161.52,164.3,662.6339999999999,672.6339999999999,14,1
t,164.3,167.08,662.6339999999999,672.6339999999999,14,1
y,167.08,172.08,662.6339999999999,672.6339999999999,14,1
p,172.08,177.64000000000001,662.6339999999999,672.6339999999999,14,1
i,177.64000000000001,179.86,662.6339999999999,672.6339999999999,14,1
n,179.86,185.42000000000002,662.6339999999999,672.6339999999999,14,1
g,185.42000000000002,190.98000000000002,662.6339999999999,672.6339999999999,14,1
 ,190.98000000000002,193.76000000000002,662.6339999999999,672.6339999999999,14,1
t,193.76000000000002,196.54000000000002,662.6339999999999,672.6339999999999,14,1
h,196.54000000000002,202.10000000000002,662.6339999999999,672.6339999999999,14,1
i,202.10000000000002,204.32000000000002,662.6339999999999,672.6339999999999,14,1
s,204.32000000000002,209.32000000000002,662.6339999999999,672.6339999999999,14,1
 ,209.32000000000002,212.10000000000002,662.6339999999999,672.6339999999999,14,1
s,212.10000000000002,217.10000000000002,662.6339999999999,672.6339999999999,14,1
t,217.10000000000002,219.88000000000002,662.6339999999999,672.6339999999999,14,1
u,219.88000000000002,225.44000000000003,662.6339999999999,672.6339999999999,14,1
f,225.44000000000003,228.22000000000003,662.6339999999999,672.6339999999999,14,1
f,228.22000000000003,231.00000000000003,662.6339999999999,672.6339999999999,14,1
.,231.00000000000003,233.78000000000003,662.6339999999999,672.6339999999999,14,1
 ,233.78000000000003,236.56000000000003,662.6339999999999,672.6339999999999,14,1
B,236.56000000000003,243.23000000000002,662.6339999999999,672.6339999999999,14,1
u,243.23000000000002,248.79000000000002,662.6339999999999,672.6339999999999,14,1
t,248.79000000000002,251.57000000000002,662.6339999999999,672.6339999999999,14,1
 ,251.57000000000002,254.35000000000002,662.6339999999999,672.6339999999999,14,1
n,254.35000000000002,259.91,662.6339999999999,672.6339999999999,14,1
o,259.91,265.47,662.6339999999999,672.6339999999999,14,1
t,265.47,268.25,662.6339999999999,672.6339999999999,14,1
 ,268.25,271.03,662.6339999999999,672.6339999999999,14,1
a,271.03000000000003,276.59000000000003,662.6339999999999,672.6339999999999,14,1
s,276.59000000000003,281.59000000000003,662.6339999999999,672.6339999999999,14,1
 ,281.59000000000003,284.37,662.6339999999999,672.6339999999999,14,1
b,284.37,289.93,662.6339999999999,672.6339999999999,14,1
o,289.93000000000006,295.49000000000007,662.6339999999999,672.6339999999999,14,1
r,295.49,298.82,662.6339999999999,672.6339999999999,14,1
i,298.82000000000005,301.0400000000001,662.6339999999999,672.6339999999999,14,1
n,301.0400000000001,306.6000000000001,662.6339999999999,672.6339999999999,14,1
g,306.6,312.16,662.6339999999999,672.6339999999999,14,1
 ,312.1600000000001,314.94000000000005,662.6339999999999,672.6339999999999,14,1
a,314.94000000000005,320.50000000000006,662.6339999999999,672.6339999999999,14,1
s,320.50000000000006,325.50000000000006,662.6339999999999,672.6339999999999,14,1
 ,325.50000000000006,328.28000000000003,662.6339999999999,672.6339999999999,14,1
w,328.28000000000003,335.50000000000006,662.6339999999999,672.6339999999999,14,1
a,335.50000000000006,341.06000000000006,662.6339999999999,672.6339999999999,14,1
t,341.06000000000006,343.84000000000003,662.6339999999999,672.6339999999999,14,1
c,343.84000000000003,348.84000000000003,662.6339999999999,672.6339999999999,14,1
h,348.84000000000003,354.40000000000003,662.6339999999999,672.6339999999999,14,1
i,354.40000000000003,356.62000000000006,662.6339999999999,672.6339999999999,14,1
n,356.62000000000006,362.18000000000006,662.6339999999999,672.6339999999999,14,1
g,362.18000000000006,367.74000000000007,662.6339999999999,672.6339999999999,14,1
 ,367.74000000000007,370.52000000000004,662.6339999999999,672.6339999999999,14,1
 ,69.25,72.03,650.6819999999999,660.6819999999999,15,1
p,72.03,77.59,650.6819999999999,660.6819999999999,15,1
a,77.59,83.15,650.6819999999999,660.6819999999999,15,1
i,83.15,85.37,650.6819999999999,660.6819999999999,15,1
n,85.37,90.93,650.6819999999999,660.6819999999999,15,1
t,90.93,93.71000000000001,650.6819999999999,660.6819999999999,15,1
 ,93.71000000000001,96.49000000000001,650.6819999999999,660.6819999999999,15,1
d,96.49000000000001,102.05000000000001,650.6819999999999,660.6819999999999,15,1
r,102.05000000000001,105.38000000000001,650.6819999999999,660.6819999999999,15,1
y,105.38,110.38,650.6819999999999,660.6819999999999,15,1
.,110.38,113.16,650.6819999999999,660.6819999999999,15,1
 ,113.16,115.94,650.6819999999999,660.6819999999999,15,1
A,115.94,122.61,650.6819999999999,660.6819999999999,15,1
n,122.61000000000001,128.17000000000002,650.6819999999999,660.6819999999999,15,1
d,128.17000000000002,133.73000000000002,650.6819999999999,660.6819999999999,15,1
 ,133.73000000000002,136.51000000000002,650.6819999999999,660.6819999999999,15,1
m,136.51,144.84,650.6819999999999,660.6819999999999,15,1
o,144.84,150.4,650.6819999999999,660.6819999999999,15,1
r,150.4,153.73000000000002,650.6819999999999,660.6819999999999,15,1
e,153.73000000000002,159.29000000000002,650.6819999999999,660.6819999999999,15,1
 ,159.29000000000002,162.07000000000002,650.6819999999999,660.6819999999999,15,1
t,162.07,164.85,650.6819999999999,660.6819999999999,15,1
e,164.85000000000002,170.41000000000003,650.6819999999999,660.6819999999999,15,1
x,170.41000000000003,175.41000000000003,650.6819999999999,660.6819999999999,15,1
t,175.41000000000003,178.19000000000003,650.6819999999999,660.6819999999999,15,1
.,178.19,180.97,650.6819999999999,660.6819999999999,15,1
 ,180.97000000000003,183.75000000000003,650.6819999999999,660.6819999999999,15,1
A,183.75,190.42,650.6819999999999,660.6819999999999,15,1
n,190.42000000000002,195.98000000000002,650.6819999999999,660.6819999999999,15,1
d,195.98000000000002,201.54000000000002,650.6819999999999,660.6819999999999,15,1
 ,201.54000000000002,204.32000000000002,650.6819999999999,660.6819999999999,15,1
m,204.32000000000002,212.65000000000003,650.6819999999999,660.6819999999999,15,1
o,212.65000000000003,218.21000000000004,650.6819999999999,660.6819999999999,15,1
r,218.21000000000004,221.54000000000005,650.6819999999999,660.6819999999999,15,1
e,221.54000000000005,227.10000000000005,650.6819999999999,660.6819999999999,15,1
 ,227.10000000000005,229.88000000000005,650.6819999999999,660.6819999999999,15,1
t,229.88000000000005,232.66000000000005,650.6819999999999,660.6819999999999,15,1
e,232.66000000000005,238.22000000000006,650.6819999999999,660.6819999999999,15,1
x,238.22000000000006,243.22000000000006,650.6819999999999,660.6819999999999,15,1
t,243.22000000000006,246.00000000000006,650.6819999999999,660.6819999999999,15,1
.,246.00000000000006,248.78000000000006,650.6819999999999,660.6819999999999,15,1
 ,248.78000000000006,251.56000000000006,650.6819999999999,660.6819999999999,15,1
A,251.56000000000006,258.2300000000001,650.6819999999999,660.6819999999999,15,1
n,258.23,263.79,650.6819999999999,660.6819999999999,15,1
d,263.7900000000001,269.3500000000001,650.6819999999999,660.6819999999999,15,1
 ,269.35,272.13,650.6819999999999,660.6819999999999,15,1
m,272.13000000000005,280.46000000000004,650.6819999999999,660.6819999999999,15,1
o,280.46000000000004,286.02000000000004,650.6819999999999,660.6819999999999,15,1
r,286.0200000000001,289.3500000000001,650.6819999999999,660.6819999999999,15,1
e,289.3500000000001,294.9100000000001,650.6819999999999,660.6819999999999,15,1
 ,294.9100000000001,297.69000000000005,650.6819999999999,660.6819999999999,15,1
t,297.69000000000005,300.47,650.6819999999999,660.6819999999999,15,1
e,300.4700000000001,306.0300000000001,650.6819999999999,660.6819999999999,15,1
x,306.0300000000001,311.0300000000001,650.6819999999999,660.6819999999999,15,1
t,311.0300000000001,313.81000000000006,650.6819999999999,660.6819999999999,15,1
.,313.81000000000006,316.59000000000003,650.6819999999999,660.6819999999999,15,1
 ,316.5900000000001,319.37000000000006,650.6819999999999,660.6819999999999,15,1
A,319.3700000000001,326.04000000000013,650.6819999999999,660.6819999999999,15,1
n,326.0400000000001,331.6000000000001,650.6819999999999,660.6819999999999,15,1
d,331.6000000000001,337.1600000000001,650.6819999999999,660.6819999999999,15,1
 ,337.1600000000001,339.94000000000005,650.6819999999999,660.6819999999999,15,1
m,339.94000000000005,348.27000000000004,650.6819999999999,660.6819999999999,15,1
o,348.27000000000004,353.83000000000004,650.6819999999999,660.6819999999999,15,1
r,353.83000000000004,357.16,650.6819999999999,660.6819999999999,15,1
e,357.16,362.72,650.6819999999999,660.6819999999999,15,1
 ,362.72,365.5,650.6819999999999,660.6819999999999,15,1
t,365.5,368.28,650.6819999999999,660.6819999999999,15,1
e,368.28,373.84,650.6819999999999,660.6819999999999,15,1
x,373.84,378.84,650.6819999999999,660.6819999999999,15,1
t,378.84,381.61999999999995,650.6819999999999,660.6819999999999,15,1
.,381.61999999999995,384.3999999999999,650.6819999999999,660.6819999999999,15,1
 ,384.3999999999999,387.1799999999999,650.6819999999999,660.6819999999999,15,1
 ,69.25,72.03,638.7299999999999,648.7299999999999,16,1
B,72.03,78.7,638.7299999999999,648.7299999999999,16,1
o,78.7,84.26,638.7299999999999,648.7299999999999,16,1
r,84.26,87.59,638.7299999999999,648.7299999999999,16,1
i,87.59,89.81,638.7299999999999,648.7299999999999,16,1
n,89.81,95.37,638.7299999999999,648.7299999999999,16,1
g,95.37,100.93,638.7299999999999,648.7299999999999,16,1
.,100.93,103.71000000000001,638.7299999999999,648.7299999999999,16,1
 ,103.71000000000001,106.49000000000001,638.7299999999999,648.7299999999999,16,1
 ,106.49000000000001,109.27000000000001,638.7299999999999,648.7299999999999,16,1
M,109.27000000000001,117.60000000000001,638.7299999999999,648.7299999999999,16,1
o,117.6,123.16,638.7299999999999,648.7299999999999,16,1
r,123.16,126.49,638.7299999999999,648.7299999999999,16,1
e,126.49000000000001,132.05,638.7299999999999,648.7299999999999,16,1
",",132.05,134.83,638.7299999999999,648.7299999999999,16,1
 ,134.82999999999998,137.60999999999999,638.7299999999999,648.7299999999999,16,1
a,137.61,143.17000000000002,638.7299999999999,648.7299999999999,16,1
 ,143.17000000000002,145.95000000000002,638.7299999999999,648.7299999999999,16,1
l,145.95,148.17,638.7299999999999,648.7299999999999,16,1
i,148.17000000000002,150.39000000000001,638.7299999999999,648.7299999999999,16,1
t,150.39,153.17,638.7299999999999,648.7299999999999,16,1
t,153.17000000000002,155.95000000000002,638.7299999999999,648.7299999999999,16,1
l,155.95,158.17,638.7299999999999,648.7299999999999,16,1
e,158.17000000000002,163.73000000000002,638.7299999999999,648.7299999999999,16,1
 ,163.73000000000002,166.51000000000002,638.7299999999999,648.7299999999999,16,1
m,166.51,174.84,638.7299999999999,648.7299999999999,16,1
o,174.84,180.4,638.7299999999999,648.7299999999999,16,1
r,180.4,183.73000000000002,638.7299999999999,648.7299999999999,16,1
e,183.73000000000002,189.29000000000002,638.7299999999999,648.7299999999999,16,1
 ,189.29000000000002,192.07000000000002,638.7299999999999,648.7299999999999,16,1
t,192.07,194.85,638.7299999999999,648.7299999999999,16,1
e,194.85000000000002,200.41000000000003,638.7299999999999,648.7299999999999,16,1
x,200.41,205.41,638.7299999999999,648.7299999999999,16,1
t,205.41,208.19,638.7299999999999,648.7299999999999,16,1
.,208.19,210.97,638.7299999999999,648.7299999999999,16,1
 ,210.97,213.75,638.7299999999999,648.7299999999999,16,1
T,213.75,219.86,638.7299999999999,648.7299999999999,16,1
h,219.86,225.42000000000002,638.7299999999999,648.7299999999999,16,1
e,225.42000000000002,230.98000000000002,638.7299999999999,648.7299999999999,16,1
 ,230.98000000000002,233.76000000000002,638.7299999999999,648.7299999999999,16,1
e,233.76000000000002,239.32000000000002,638.7299999999999,648.7299999999999,16,1
n,239.32000000000002,244.88000000000002,638.7299999999999,648.7299999999999,16,1
d,244.88000000000002,250.44000000000003,638.7299999999999,648.7299999999999,16,1
",",250.44000000000003,253.22000000000003,638.7299999999999,648.7299999999999,16,1
 ,253.22000000000003,256.0,638.7299999999999,648.7299999999999,16,1
a,256.0,261.56,638.7299999999999,648.7299999999999,16,1
n,261.56000000000006,267.12000000000006,638.7299999999999,648.7299999999999,16,1
d,267.12,272.68,638.7299999999999,648.7299999999999,16,1
 ,272.68000000000006,275.46000000000004,638.7299999999999,648.7299999999999,16,1
j,275.46000000000004,277.68000000000006,638.7299999999999,648.7299999999999,16,1
u,277.68000000000006,283.24000000000007,638.7299999999999,648.7299999999999,16,1
s,283.24,288.24,638.7299999999999,648.7299999999999,16,1
t,288.24,291.02,638.7299999999999,648.7299999999999,16,1
 ,291.02000000000004,293.8,638.7299999999999,648.7299999999999,16,1
a,293.80000000000007,299.36000000000007,638.7299999999999,648.7299999999999,16,1
s,299.36,304.36,638.7299999999999,648.7299999999999,16,1
 ,304.36,307.14,638.7299999999999,648.7299999999999,16,1
w,307.14000000000004,314.36000000000007,638.7299999999999,648.7299999999999,16,1
e,314.36,319.92,638.7299999999999,648.7299999999999,16,1
l,319.9200000000001,322.1400000000001,638.7299999999999,648.7299999999999,16,1
l,322.14000000000004,324.36000000000007,638.7299999999999,648.7299999999999,16,1
.,324.36,327.14,638.7299999999999,648.7299999999999,16,1
 ,327.14000000000004,329.92,638.7299999999999,648.7299999999999,16,1
